<?xml version="1.0" encoding="UTF-8"?>
<project-private xmlns="http://www.netbeans.org/ns/project-private/1">
    <editor-bookmarks xmlns="http://www.netbeans.org/ns/editor-bookmarks/2" lastBookmarkId="0"/>
    <open-files xmlns="http://www.netbeans.org/ns/projectui-open-files/2">
        <group>
            <file>file:/C:/java/auxiliar%20na%20elaboracao%20de%20projeto%20de%20sistema%20orientado%20a%20objeto/Academia/src/academia/Resistencia.java</file>
            <file>file:/C:/java/auxiliar%20na%20elaboracao%20de%20projeto%20de%20sistema%20orientado%20a%20objeto/Academia/src/academia/Intermediador.java</file>
            <file>file:/C:/java/auxiliar%20na%20elaboracao%20de%20projeto%20de%20sistema%20orientado%20a%20objeto/Academia/src/academia/Categorias.java</file>
            <file>file:/C:/java/auxiliar%20na%20elaboracao%20de%20projeto%20de%20sistema%20orientado%20a%20objeto/Academia/src/academia/Academia.java</file>
            <file>file:/C:/java/auxiliar%20na%20elaboracao%20de%20projeto%20de%20sistema%20orientado%20a%20objeto/Academia/src/academia/Velocidade.java</file>
        </group>
    </open-files>
</project-private>
